[
  {
    "Id": 101,
    "SepalLengthCm": 6.3,
    "SepalWidthCm": 3.3,
    "PetalLengthCm": 6,
    "PetalWidthCm": 2.5,
    "Species": "Iris-virginica"
  },
  {
    "Id": 102,
    "SepalLengthCm": 5.8,
    "SepalWidthCm": 2.7,
    "PetalLengthCm": 5.1,
    "PetalWidthCm": 1.9,
    "Species": "Iris-virginica"
  },
  {
    "Id": 103,
    "SepalLengthCm": 7.1,
    "SepalWidthCm": 3,
    "PetalLengthCm": 5.9,
    "PetalWidthCm": 2.1,
    "Species": "Iris-virginica"
  },
  {
    "Id": 104,
    "SepalLengthCm": 6.3,
    "SepalWidthCm": 2.9,
    "PetalLengthCm": 5.6,
    "PetalWidthCm": 1.8,
    "Species": "Iris-virginica"
  },
  {
    "Id": 105,
    "SepalLengthCm": 6.5,
    "SepalWidthCm": 3,
    "PetalLengthCm": 5.8,
    "PetalWidthCm": 2.2,
    "Species": "Iris-virginica"
  },
  {
    "Id": 106,
    "SepalLengthCm": 7.6,
    "SepalWidthCm": 3,
    "PetalLengthCm": 6.6,
    "PetalWidthCm": 2.1,
    "Species": "Iris-virginica"
  },
  {
    "Id": 107,
    "SepalLengthCm": 4.9,
    "SepalWidthCm": 2.5,
    "PetalLengthCm": 4.5,
    "PetalWidthCm": 1.7,
    "Species": "Iris-virginica"
  },
  {
    "Id": 108,
    "SepalLengthCm": 7.3,
    "SepalWidthCm": 2.9,
    "PetalLengthCm": 6.3,
    "PetalWidthCm": 1.8,
    "Species": "Iris-virginica"
  },
  {
    "Id": 109,
    "SepalLengthCm": 6.7,
    "SepalWidthCm": 2.5,
    "PetalLengthCm": 5.8,
    "PetalWidthCm": 1.8,
    "Species": "Iris-virginica"
  },
  {
    "Id": 110,
    "SepalLengthCm": 7.2,
    "SepalWidthCm": 3.6,
    "PetalLengthCm": 6.1,
    "PetalWidthCm": 2.5,
    "Species": "Iris-virginica"
  },
  {
    "Id": 111,
    "SepalLengthCm": 6.5,
    "SepalWidthCm": 3.2,
    "PetalLengthCm": 5.1,
    "PetalWidthCm": 2,
    "Species": "Iris-virginica"
  },
  {
    "Id": 112,
    "SepalLengthCm": 6.4,
    "SepalWidthCm": 2.7,
    "PetalLengthCm": 5.3,
    "PetalWidthCm": 1.9,
    "Species": "Iris-virginica"
  },
  {
    "Id": 113,
    "SepalLengthCm": 6.8,
    "SepalWidthCm": 3,
    "PetalLengthCm": 5.5,
    "PetalWidthCm": 2.1,
    "Species": "Iris-virginica"
  },
  {
    "Id": 114,
    "SepalLengthCm": 5.7,
    "SepalWidthCm": 2.5,
    "PetalLengthCm": 5,
    "PetalWidthCm": 2,
    "Species": "Iris-virginica"
  },
  {
    "Id": 115,
    "SepalLengthCm": 5.8,
    "SepalWidthCm": 2.8,
    "PetalLengthCm": 5.1,
    "PetalWidthCm": 2.4,
    "Species": "Iris-virginica"
  },
  {
    "Id": 116,
    "SepalLengthCm": 6.4,
    "SepalWidthCm": 3.2,
    "PetalLengthCm": 5.3,
    "PetalWidthCm": 2.3,
    "Species": "Iris-virginica"
  },
  {
    "Id": 117,
    "SepalLengthCm": 6.5,
    "SepalWidthCm": 3,
    "PetalLengthCm": 5.5,
    "PetalWidthCm": 1.8,
    "Species": "Iris-virginica"
  },
  {
    "Id": 118,
    "SepalLengthCm": 7.7,
    "SepalWidthCm": 3.8,
    "PetalLengthCm": 6.7,
    "PetalWidthCm": 2.2,
    "Species": "Iris-virginica"
  },
  {
    "Id": 119,
    "SepalLengthCm": 7.7,
    "SepalWidthCm": 2.6,
    "PetalLengthCm": 6.9,
    "PetalWidthCm": 2.3,
    "Species": "Iris-virginica"
  },
  {
    "Id": 120,
    "SepalLengthCm": 6,
    "SepalWidthCm": 2.2,
    "PetalLengthCm": 5,
    "PetalWidthCm": 1.5,
    "Species": "Iris-virginica"
  },
  {
    "Id": 121,
    "SepalLengthCm": 6.9,
    "SepalWidthCm": 3.2,
    "PetalLengthCm": 5.7,
    "PetalWidthCm": 2.3,
    "Species": "Iris-virginica"
  },
  {
    "Id": 122,
    "SepalLengthCm": 5.6,
    "SepalWidthCm": 2.8,
    "PetalLengthCm": 4.9,
    "PetalWidthCm": 2,
    "Species": "Iris-virginica"
  },
  {
    "Id": 123,
    "SepalLengthCm": 7.7,
    "SepalWidthCm": 2.8,
    "PetalLengthCm": 6.7,
    "PetalWidthCm": 2,
    "Species": "Iris-virginica"
  },
  {
    "Id": 124,
    "SepalLengthCm": 6.3,
    "SepalWidthCm": 2.7,
    "PetalLengthCm": 4.9,
    "PetalWidthCm": 1.8,
    "Species": "Iris-virginica"
  },
  {
    "Id": 125,
    "SepalLengthCm": 6.7,
    "SepalWidthCm": 3.3,
    "PetalLengthCm": 5.7,
    "PetalWidthCm": 2.1,
    "Species": "Iris-virginica"
  },
  {
    "Id": 126,
    "SepalLengthCm": 7.2,
    "SepalWidthCm": 3.2,
    "PetalLengthCm": 6,
    "PetalWidthCm": 1.8,
    "Species": "Iris-virginica"
  },
  {
    "Id": 127,
    "SepalLengthCm": 6.2,
    "SepalWidthCm": 2.8,
    "PetalLengthCm": 4.8,
    "PetalWidthCm": 1.8,
    "Species": "Iris-virginica"
  },
  {
    "Id": 128,
    "SepalLengthCm": 6.1,
    "SepalWidthCm": 3,
    "PetalLengthCm": 4.9,
    "PetalWidthCm": 1.8,
    "Species": "Iris-virginica"
  },
  {
    "Id": 129,
    "SepalLengthCm": 6.4,
    "SepalWidthCm": 2.8,
    "PetalLengthCm": 5.6,
    "PetalWidthCm": 2.1,
    "Species": "Iris-virginica"
  },
  {
    "Id": 130,
    "SepalLengthCm": 7.2,
    "SepalWidthCm": 3,
    "PetalLengthCm": 5.8,
    "PetalWidthCm": 1.6,
    "Species": "Iris-virginica"
  },
  {
    "Id": 131,
    "SepalLengthCm": 7.4,
    "SepalWidthCm": 2.8,
    "PetalLengthCm": 6.1,
    "PetalWidthCm": 1.9,
    "Species": "Iris-virginica"
  },
  {
    "Id": 132,
    "SepalLengthCm": 7.9,
    "SepalWidthCm": 3.8,
    "PetalLengthCm": 6.4,
    "PetalWidthCm": 2,
    "Species": "Iris-virginica"
  },
  {
    "Id": 133,
    "SepalLengthCm": 6.4,
    "SepalWidthCm": 2.8,
    "PetalLengthCm": 5.6,
    "PetalWidthCm": 2.2,
    "Species": "Iris-virginica"
  },
  {
    "Id": 134,
    "SepalLengthCm": 6.3,
    "SepalWidthCm": 2.8,
    "PetalLengthCm": 5.1,
    "PetalWidthCm": 1.5,
    "Species": "Iris-virginica"
  },
  {
    "Id": 135,
    "SepalLengthCm": 6.1,
    "SepalWidthCm": 2.6,
    "PetalLengthCm": 5.6,
    "PetalWidthCm": 1.4,
    "Species": "Iris-virginica"
  },
  {
    "Id": 136,
    "SepalLengthCm": 7.7,
    "SepalWidthCm": 3,
    "PetalLengthCm": 6.1,
    "PetalWidthCm": 2.3,
    "Species": "Iris-virginica"
  },
  {
    "Id": 137,
    "SepalLengthCm": 6.3,
    "SepalWidthCm": 3.4,
    "PetalLengthCm": 5.6,
    "PetalWidthCm": 2.4,
    "Species": "Iris-virginica"
  },
  {
    "Id": 138,
    "SepalLengthCm": 6.4,
    "SepalWidthCm": 3.1,
    "PetalLengthCm": 5.5,
    "PetalWidthCm": 1.8,
    "Species": "Iris-virginica"
  },
  {
    "Id": 139,
    "SepalLengthCm": 6,
    "SepalWidthCm": 3,
    "PetalLengthCm": 4.8,
    "PetalWidthCm": 1.8,
    "Species": "Iris-virginica"
  },
  {
    "Id": 140,
    "SepalLengthCm": 6.9,
    "SepalWidthCm": 3.1,
    "PetalLengthCm": 5.4,
    "PetalWidthCm": 2.1,
    "Species": "Iris-virginica"
  },
  {
    "Id": 141,
    "SepalLengthCm": 6.7,
    "SepalWidthCm": 3.1,
    "PetalLengthCm": 5.6,
    "PetalWidthCm": 2.4,
    "Species": "Iris-virginica"
  },
  {
    "Id": 142,
    "SepalLengthCm": 6.9,
    "SepalWidthCm": 3.1,
    "PetalLengthCm": 5.1,
    "PetalWidthCm": 2.3,
    "Species": "Iris-virginica"
  },
  {
    "Id": 143,
    "SepalLengthCm": 5.8,
    "SepalWidthCm": 2.7,
    "PetalLengthCm": 5.1,
    "PetalWidthCm": 1.9,
    "Species": "Iris-virginica"
  },
  {
    "Id": 144,
    "SepalLengthCm": 6.8,
    "SepalWidthCm": 3.2,
    "PetalLengthCm": 5.9,
    "PetalWidthCm": 2.3,
    "Species": "Iris-virginica"
  },
  {
    "Id": 145,
    "SepalLengthCm": 6.7,
    "SepalWidthCm": 3.3,
    "PetalLengthCm": 5.7,
    "PetalWidthCm": 2.5,
    "Species": "Iris-virginica"
  },
  {
    "Id": 146,
    "SepalLengthCm": 6.7,
    "SepalWidthCm": 3,
    "PetalLengthCm": 5.2,
    "PetalWidthCm": 2.3,
    "Species": "Iris-virginica"
  },
  {
    "Id": 147,
    "SepalLengthCm": 6.3,
    "SepalWidthCm": 2.5,
    "PetalLengthCm": 5,
    "PetalWidthCm": 1.9,
    "Species": "Iris-virginica"
  },
  {
    "Id": 148,
    "SepalLengthCm": 6.5,
    "SepalWidthCm": 3,
    "PetalLengthCm": 5.2,
    "PetalWidthCm": 2,
    "Species": "Iris-virginica"
  },
  {
    "Id": 149,
    "SepalLengthCm": 6.2,
    "SepalWidthCm": 3.4,
    "PetalLengthCm": 5.4,
    "PetalWidthCm": 2.3,
    "Species": "Iris-virginica"
  },
  {
    "Id": 150,
    "SepalLengthCm": 5.9,
    "SepalWidthCm": 3,
    "PetalLengthCm": 5.1,
    "PetalWidthCm": 1.8,
    "Species": "Iris-virginica"
  }
]