[
  {
    "Id": 1,
    "SepalLengthCm": 5.1,
    "SepalWidthCm": 3.5,
    "PetalLengthCm": 1.4,
    "PetalWidthCm": 0.2,
    "Species": "Iris-setosa"
  },
  {
    "Id": 2,
    "SepalLengthCm": 4.9,
    "SepalWidthCm": 3,
    "PetalLengthCm": 1.4,
    "PetalWidthCm": 0.2,
    "Species": "Iris-setosa"
  },
  {
    "Id": 3,
    "SepalLengthCm": 4.7,
    "SepalWidthCm": 3.2,
    "PetalLengthCm": 1.3,
    "PetalWidthCm": 0.2,
    "Species": "Iris-setosa"
  },
  {
    "Id": 4,
    "SepalLengthCm": 4.6,
    "SepalWidthCm": 3.1,
    "PetalLengthCm": 1.5,
    "PetalWidthCm": 0.2,
    "Species": "Iris-setosa"
  },
  {
    "Id": 5,
    "SepalLengthCm": 5,
    "SepalWidthCm": 3.6,
    "PetalLengthCm": 1.4,
    "PetalWidthCm": 0.2,
    "Species": "Iris-setosa"
  },
  {
    "Id": 6,
    "SepalLengthCm": 5.4,
    "SepalWidthCm": 3.9,
    "PetalLengthCm": 1.7,
    "PetalWidthCm": 0.4,
    "Species": "Iris-setosa"
  },
  {
    "Id": 7,
    "SepalLengthCm": 4.6,
    "SepalWidthCm": 3.4,
    "PetalLengthCm": 1.4,
    "PetalWidthCm": 0.3,
    "Species": "Iris-setosa"
  },
  {
    "Id": 8,
    "SepalLengthCm": 5,
    "SepalWidthCm": 3.4,
    "PetalLengthCm": 1.5,
    "PetalWidthCm": 0.2,
    "Species": "Iris-setosa"
  },
  {
    "Id": 9,
    "SepalLengthCm": 4.4,
    "SepalWidthCm": 2.9,
    "PetalLengthCm": 1.4,
    "PetalWidthCm": 0.2,
    "Species": "Iris-setosa"
  },
  {
    "Id": 10,
    "SepalLengthCm": 4.9,
    "SepalWidthCm": 3.1,
    "PetalLengthCm": 1.5,
    "PetalWidthCm": 0.1,
    "Species": "Iris-setosa"
  },
  {
    "Id": 11,
    "SepalLengthCm": 5.4,
    "SepalWidthCm": 3.7,
    "PetalLengthCm": 1.5,
    "PetalWidthCm": 0.2,
    "Species": "Iris-setosa"
  },
  {
    "Id": 12,
    "SepalLengthCm": 4.8,
    "SepalWidthCm": 3.4,
    "PetalLengthCm": 1.6,
    "PetalWidthCm": 0.2,
    "Species": "Iris-setosa"
  },
  {
    "Id": 13,
    "SepalLengthCm": 4.8,
    "SepalWidthCm": 3,
    "PetalLengthCm": 1.4,
    "PetalWidthCm": 0.1,
    "Species": "Iris-setosa"
  },
  {
    "Id": 14,
    "SepalLengthCm": 4.3,
    "SepalWidthCm": 3,
    "PetalLengthCm": 1.1,
    "PetalWidthCm": 0.1,
    "Species": "Iris-setosa"
  },
  {
    "Id": 15,
    "SepalLengthCm": 5.8,
    "SepalWidthCm": 4,
    "PetalLengthCm": 1.2,
    "PetalWidthCm": 0.2,
    "Species": "Iris-setosa"
  },
  {
    "Id": 16,
    "SepalLengthCm": 5.7,
    "SepalWidthCm": 4.4,
    "PetalLengthCm": 1.5,
    "PetalWidthCm": 0.4,
    "Species": "Iris-setosa"
  },
  {
    "Id": 17,
    "SepalLengthCm": 5.4,
    "SepalWidthCm": 3.9,
    "PetalLengthCm": 1.3,
    "PetalWidthCm": 0.4,
    "Species": "Iris-setosa"
  },
  {
    "Id": 18,
    "SepalLengthCm": 5.1,
    "SepalWidthCm": 3.5,
    "PetalLengthCm": 1.4,
    "PetalWidthCm": 0.3,
    "Species": "Iris-setosa"
  },
  {
    "Id": 19,
    "SepalLengthCm": 5.7,
    "SepalWidthCm": 3.8,
    "PetalLengthCm": 1.7,
    "PetalWidthCm": 0.3,
    "Species": "Iris-setosa"
  },
  {
    "Id": 20,
    "SepalLengthCm": 5.1,
    "SepalWidthCm": 3.8,
    "PetalLengthCm": 1.5,
    "PetalWidthCm": 0.3,
    "Species": "Iris-setosa"
  },
  {
    "Id": 21,
    "SepalLengthCm": 5.4,
    "SepalWidthCm": 3.4,
    "PetalLengthCm": 1.7,
    "PetalWidthCm": 0.2,
    "Species": "Iris-setosa"
  },
  {
    "Id": 22,
    "SepalLengthCm": 5.1,
    "SepalWidthCm": 3.7,
    "PetalLengthCm": 1.5,
    "PetalWidthCm": 0.4,
    "Species": "Iris-setosa"
  },
  {
    "Id": 23,
    "SepalLengthCm": 4.6,
    "SepalWidthCm": 3.6,
    "PetalLengthCm": 1,
    "PetalWidthCm": 0.2,
    "Species": "Iris-setosa"
  },
  {
    "Id": 24,
    "SepalLengthCm": 5.1,
    "SepalWidthCm": 3.3,
    "PetalLengthCm": 1.7,
    "PetalWidthCm": 0.5,
    "Species": "Iris-setosa"
  },
  {
    "Id": 25,
    "SepalLengthCm": 4.8,
    "SepalWidthCm": 3.4,
    "PetalLengthCm": 1.9,
    "PetalWidthCm": 0.2,
    "Species": "Iris-setosa"
  },
  {
    "Id": 26,
    "SepalLengthCm": 5,
    "SepalWidthCm": 3,
    "PetalLengthCm": 1.6,
    "PetalWidthCm": 0.2,
    "Species": "Iris-setosa"
  },
  {
    "Id": 27,
    "SepalLengthCm": 5,
    "SepalWidthCm": 3.4,
    "PetalLengthCm": 1.6,
    "PetalWidthCm": 0.4,
    "Species": "Iris-setosa"
  },
  {
    "Id": 28,
    "SepalLengthCm": 5.2,
    "SepalWidthCm": 3.5,
    "PetalLengthCm": 1.5,
    "PetalWidthCm": 0.2,
    "Species": "Iris-setosa"
  },
  {
    "Id": 29,
    "SepalLengthCm": 5.2,
    "SepalWidthCm": 3.4,
    "PetalLengthCm": 1.4,
    "PetalWidthCm": 0.2,
    "Species": "Iris-setosa"
  },
  {
    "Id": 30,
    "SepalLengthCm": 4.7,
    "SepalWidthCm": 3.2,
    "PetalLengthCm": 1.6,
    "PetalWidthCm": 0.2,
    "Species": "Iris-setosa"
  },
  {
    "Id": 31,
    "SepalLengthCm": 4.8,
    "SepalWidthCm": 3.1,
    "PetalLengthCm": 1.6,
    "PetalWidthCm": 0.2,
    "Species": "Iris-setosa"
  },
  {
    "Id": 32,
    "SepalLengthCm": 5.4,
    "SepalWidthCm": 3.4,
    "PetalLengthCm": 1.5,
    "PetalWidthCm": 0.4,
    "Species": "Iris-setosa"
  },
  {
    "Id": 33,
    "SepalLengthCm": 5.2,
    "SepalWidthCm": 4.1,
    "PetalLengthCm": 1.5,
    "PetalWidthCm": 0.1,
    "Species": "Iris-setosa"
  },
  {
    "Id": 34,
    "SepalLengthCm": 5.5,
    "SepalWidthCm": 4.2,
    "PetalLengthCm": 1.4,
    "PetalWidthCm": 0.2,
    "Species": "Iris-setosa"
  },
  {
    "Id": 35,
    "SepalLengthCm": 4.9,
    "SepalWidthCm": 3.1,
    "PetalLengthCm": 1.5,
    "PetalWidthCm": 0.1,
    "Species": "Iris-setosa"
  },
  {
    "Id": 36,
    "SepalLengthCm": 5,
    "SepalWidthCm": 3.2,
    "PetalLengthCm": 1.2,
    "PetalWidthCm": 0.2,
    "Species": "Iris-setosa"
  },
  {
    "Id": 37,
    "SepalLengthCm": 5.5,
    "SepalWidthCm": 3.5,
    "PetalLengthCm": 1.3,
    "PetalWidthCm": 0.2,
    "Species": "Iris-setosa"
  },
  {
    "Id": 38,
    "SepalLengthCm": 4.9,
    "SepalWidthCm": 3.1,
    "PetalLengthCm": 1.5,
    "PetalWidthCm": 0.1,
    "Species": "Iris-setosa"
  },
  {
    "Id": 39,
    "SepalLengthCm": 4.4,
    "SepalWidthCm": 3,
    "PetalLengthCm": 1.3,
    "PetalWidthCm": 0.2,
    "Species": "Iris-setosa"
  },
  {
    "Id": 40,
    "SepalLengthCm": 5.1,
    "SepalWidthCm": 3.4,
    "PetalLengthCm": 1.5,
    "PetalWidthCm": 0.2,
    "Species": "Iris-setosa"
  },
  {
    "Id": 41,
    "SepalLengthCm": 5,
    "SepalWidthCm": 3.5,
    "PetalLengthCm": 1.3,
    "PetalWidthCm": 0.3,
    "Species": "Iris-setosa"
  },
  {
    "Id": 42,
    "SepalLengthCm": 4.5,
    "SepalWidthCm": 2.3,
    "PetalLengthCm": 1.3,
    "PetalWidthCm": 0.3,
    "Species": "Iris-setosa"
  },
  {
    "Id": 43,
    "SepalLengthCm": 4.4,
    "SepalWidthCm": 3.2,
    "PetalLengthCm": 1.3,
    "PetalWidthCm": 0.2,
    "Species": "Iris-setosa"
  },
  {
    "Id": 44,
    "SepalLengthCm": 5,
    "SepalWidthCm": 3.5,
    "PetalLengthCm": 1.6,
    "PetalWidthCm": 0.6,
    "Species": "Iris-setosa"
  },
  {
    "Id": 45,
    "SepalLengthCm": 5.1,
    "SepalWidthCm": 3.8,
    "PetalLengthCm": 1.9,
    "PetalWidthCm": 0.4,
    "Species": "Iris-setosa"
  },
  {
    "Id": 46,
    "SepalLengthCm": 4.8,
    "SepalWidthCm": 3,
    "PetalLengthCm": 1.4,
    "PetalWidthCm": 0.3,
    "Species": "Iris-setosa"
  },
  {
    "Id": 47,
    "SepalLengthCm": 5.1,
    "SepalWidthCm": 3.8,
    "PetalLengthCm": 1.6,
    "PetalWidthCm": 0.2,
    "Species": "Iris-setosa"
  },
  {
    "Id": 48,
    "SepalLengthCm": 4.6,
    "SepalWidthCm": 3.2,
    "PetalLengthCm": 1.4,
    "PetalWidthCm": 0.2,
    "Species": "Iris-setosa"
  },
  {
    "Id": 49,
    "SepalLengthCm": 5.3,
    "SepalWidthCm": 3.7,
    "PetalLengthCm": 1.5,
    "PetalWidthCm": 0.2,
    "Species": "Iris-setosa"
  },
  {
    "Id": 50,
    "SepalLengthCm": 5,
    "SepalWidthCm": 3.3,
    "PetalLengthCm": 1.4,
    "PetalWidthCm": 0.2,
    "Species": "Iris-setosa"
  }
]