[
  {
    "Id": 51,
    "SepalLengthCm": 7,
    "SepalWidthCm": 3.2,
    "PetalLengthCm": 4.7,
    "PetalWidthCm": 1.4,
    "Species": "Iris-versicolor"
  },
  {
    "Id": 52,
    "SepalLengthCm": 6.4,
    "SepalWidthCm": 3.2,
    "PetalLengthCm": 4.5,
    "PetalWidthCm": 1.5,
    "Species": "Iris-versicolor"
  },
  {
    "Id": 53,
    "SepalLengthCm": 6.9,
    "SepalWidthCm": 3.1,
    "PetalLengthCm": 4.9,
    "PetalWidthCm": 1.5,
    "Species": "Iris-versicolor"
  },
  {
    "Id": 54,
    "SepalLengthCm": 5.5,
    "SepalWidthCm": 2.3,
    "PetalLengthCm": 4,
    "PetalWidthCm": 1.3,
    "Species": "Iris-versicolor"
  },
  {
    "Id": 55,
    "SepalLengthCm": 6.5,
    "SepalWidthCm": 2.8,
    "PetalLengthCm": 4.6,
    "PetalWidthCm": 1.5,
    "Species": "Iris-versicolor"
  },
  {
    "Id": 56,
    "SepalLengthCm": 5.7,
    "SepalWidthCm": 2.8,
    "PetalLengthCm": 4.5,
    "PetalWidthCm": 1.3,
    "Species": "Iris-versicolor"
  },
  {
    "Id": 57,
    "SepalLengthCm": 6.3,
    "SepalWidthCm": 3.3,
    "PetalLengthCm": 4.7,
    "PetalWidthCm": 1.6,
    "Species": "Iris-versicolor"
  },
  {
    "Id": 58,
    "SepalLengthCm": 4.9,
    "SepalWidthCm": 2.4,
    "PetalLengthCm": 3.3,
    "PetalWidthCm": 1,
    "Species": "Iris-versicolor"
  },
  {
    "Id": 59,
    "SepalLengthCm": 6.6,
    "SepalWidthCm": 2.9,
    "PetalLengthCm": 4.6,
    "PetalWidthCm": 1.3,
    "Species": "Iris-versicolor"
  },
  {
    "Id": 60,
    "SepalLengthCm": 5.2,
    "SepalWidthCm": 2.7,
    "PetalLengthCm": 3.9,
    "PetalWidthCm": 1.4,
    "Species": "Iris-versicolor"
  },
  {
    "Id": 61,
    "SepalLengthCm": 5,
    "SepalWidthCm": 2,
    "PetalLengthCm": 3.5,
    "PetalWidthCm": 1,
    "Species": "Iris-versicolor"
  },
  {
    "Id": 62,
    "SepalLengthCm": 5.9,
    "SepalWidthCm": 3,
    "PetalLengthCm": 4.2,
    "PetalWidthCm": 1.5,
    "Species": "Iris-versicolor"
  },
  {
    "Id": 63,
    "SepalLengthCm": 6,
    "SepalWidthCm": 2.2,
    "PetalLengthCm": 4,
    "PetalWidthCm": 1,
    "Species": "Iris-versicolor"
  },
  {
    "Id": 64,
    "SepalLengthCm": 6.1,
    "SepalWidthCm": 2.9,
    "PetalLengthCm": 4.7,
    "PetalWidthCm": 1.4,
    "Species": "Iris-versicolor"
  },
  {
    "Id": 65,
    "SepalLengthCm": 5.6,
    "SepalWidthCm": 2.9,
    "PetalLengthCm": 3.6,
    "PetalWidthCm": 1.3,
    "Species": "Iris-versicolor"
  },
  {
    "Id": 66,
    "SepalLengthCm": 6.7,
    "SepalWidthCm": 3.1,
    "PetalLengthCm": 4.4,
    "PetalWidthCm": 1.4,
    "Species": "Iris-versicolor"
  },
  {
    "Id": 67,
    "SepalLengthCm": 5.6,
    "SepalWidthCm": 3,
    "PetalLengthCm": 4.5,
    "PetalWidthCm": 1.5,
    "Species": "Iris-versicolor"
  },
  {
    "Id": 68,
    "SepalLengthCm": 5.8,
    "SepalWidthCm": 2.7,
    "PetalLengthCm": 4.1,
    "PetalWidthCm": 1,
    "Species": "Iris-versicolor"
  },
  {
    "Id": 69,
    "SepalLengthCm": 6.2,
    "SepalWidthCm": 2.2,
    "PetalLengthCm": 4.5,
    "PetalWidthCm": 1.5,
    "Species": "Iris-versicolor"
  },
  {
    "Id": 70,
    "SepalLengthCm": 5.6,
    "SepalWidthCm": 2.5,
    "PetalLengthCm": 3.9,
    "PetalWidthCm": 1.1,
    "Species": "Iris-versicolor"
  },
  {
    "Id": 71,
    "SepalLengthCm": 5.9,
    "SepalWidthCm": 3.2,
    "PetalLengthCm": 4.8,
    "PetalWidthCm": 1.8,
    "Species": "Iris-versicolor"
  },
  {
    "Id": 72,
    "SepalLengthCm": 6.1,
    "SepalWidthCm": 2.8,
    "PetalLengthCm": 4,
    "PetalWidthCm": 1.3,
    "Species": "Iris-versicolor"
  },
  {
    "Id": 73,
    "SepalLengthCm": 6.3,
    "SepalWidthCm": 2.5,
    "PetalLengthCm": 4.9,
    "PetalWidthCm": 1.5,
    "Species": "Iris-versicolor"
  },
  {
    "Id": 74,
    "SepalLengthCm": 6.1,
    "SepalWidthCm": 2.8,
    "PetalLengthCm": 4.7,
    "PetalWidthCm": 1.2,
    "Species": "Iris-versicolor"
  },
  {
    "Id": 75,
    "SepalLengthCm": 6.4,
    "SepalWidthCm": 2.9,
    "PetalLengthCm": 4.3,
    "PetalWidthCm": 1.3,
    "Species": "Iris-versicolor"
  },
  {
    "Id": 76,
    "SepalLengthCm": 6.6,
    "SepalWidthCm": 3,
    "PetalLengthCm": 4.4,
    "PetalWidthCm": 1.4,
    "Species": "Iris-versicolor"
  },
  {
    "Id": 77,
    "SepalLengthCm": 6.8,
    "SepalWidthCm": 2.8,
    "PetalLengthCm": 4.8,
    "PetalWidthCm": 1.4,
    "Species": "Iris-versicolor"
  },
  {
    "Id": 78,
    "SepalLengthCm": 6.7,
    "SepalWidthCm": 3,
    "PetalLengthCm": 5,
    "PetalWidthCm": 1.7,
    "Species": "Iris-versicolor"
  },
  {
    "Id": 79,
    "SepalLengthCm": 6,
    "SepalWidthCm": 2.9,
    "PetalLengthCm": 4.5,
    "PetalWidthCm": 1.5,
    "Species": "Iris-versicolor"
  },
  {
    "Id": 80,
    "SepalLengthCm": 5.7,
    "SepalWidthCm": 2.6,
    "PetalLengthCm": 3.5,
    "PetalWidthCm": 1,
    "Species": "Iris-versicolor"
  },
  {
    "Id": 81,
    "SepalLengthCm": 5.5,
    "SepalWidthCm": 2.4,
    "PetalLengthCm": 3.8,
    "PetalWidthCm": 1.1,
    "Species": "Iris-versicolor"
  },
  {
    "Id": 82,
    "SepalLengthCm": 5.5,
    "SepalWidthCm": 2.4,
    "PetalLengthCm": 3.7,
    "PetalWidthCm": 1,
    "Species": "Iris-versicolor"
  },
  {
    "Id": 83,
    "SepalLengthCm": 5.8,
    "SepalWidthCm": 2.7,
    "PetalLengthCm": 3.9,
    "PetalWidthCm": 1.2,
    "Species": "Iris-versicolor"
  },
  {
    "Id": 84,
    "SepalLengthCm": 6,
    "SepalWidthCm": 2.7,
    "PetalLengthCm": 5.1,
    "PetalWidthCm": 1.6,
    "Species": "Iris-versicolor"
  },
  {
    "Id": 85,
    "SepalLengthCm": 5.4,
    "SepalWidthCm": 3,
    "PetalLengthCm": 4.5,
    "PetalWidthCm": 1.5,
    "Species": "Iris-versicolor"
  },
  {
    "Id": 86,
    "SepalLengthCm": 6,
    "SepalWidthCm": 3.4,
    "PetalLengthCm": 4.5,
    "PetalWidthCm": 1.6,
    "Species": "Iris-versicolor"
  },
  {
    "Id": 87,
    "SepalLengthCm": 6.7,
    "SepalWidthCm": 3.1,
    "PetalLengthCm": 4.7,
    "PetalWidthCm": 1.5,
    "Species": "Iris-versicolor"
  },
  {
    "Id": 88,
    "SepalLengthCm": 6.3,
    "SepalWidthCm": 2.3,
    "PetalLengthCm": 4.4,
    "PetalWidthCm": 1.3,
    "Species": "Iris-versicolor"
  },
  {
    "Id": 89,
    "SepalLengthCm": 5.6,
    "SepalWidthCm": 3,
    "PetalLengthCm": 4.1,
    "PetalWidthCm": 1.3,
    "Species": "Iris-versicolor"
  },
  {
    "Id": 90,
    "SepalLengthCm": 5.5,
    "SepalWidthCm": 2.5,
    "PetalLengthCm": 4,
    "PetalWidthCm": 1.3,
    "Species": "Iris-versicolor"
  },
  {
    "Id": 91,
    "SepalLengthCm": 5.5,
    "SepalWidthCm": 2.6,
    "PetalLengthCm": 4.4,
    "PetalWidthCm": 1.2,
    "Species": "Iris-versicolor"
  },
  {
    "Id": 92,
    "SepalLengthCm": 6.1,
    "SepalWidthCm": 3,
    "PetalLengthCm": 4.6,
    "PetalWidthCm": 1.4,
    "Species": "Iris-versicolor"
  },
  {
    "Id": 93,
    "SepalLengthCm": 5.8,
    "SepalWidthCm": 2.6,
    "PetalLengthCm": 4,
    "PetalWidthCm": 1.2,
    "Species": "Iris-versicolor"
  },
  {
    "Id": 94,
    "SepalLengthCm": 5,
    "SepalWidthCm": 2.3,
    "PetalLengthCm": 3.3,
    "PetalWidthCm": 1,
    "Species": "Iris-versicolor"
  },
  {
    "Id": 95,
    "SepalLengthCm": 5.6,
    "SepalWidthCm": 2.7,
    "PetalLengthCm": 4.2,
    "PetalWidthCm": 1.3,
    "Species": "Iris-versicolor"
  },
  {
    "Id": 96,
    "SepalLengthCm": 5.7,
    "SepalWidthCm": 3,
    "PetalLengthCm": 4.2,
    "PetalWidthCm": 1.2,
    "Species": "Iris-versicolor"
  },
  {
    "Id": 97,
    "SepalLengthCm": 5.7,
    "SepalWidthCm": 2.9,
    "PetalLengthCm": 4.2,
    "PetalWidthCm": 1.3,
    "Species": "Iris-versicolor"
  },
  {
    "Id": 98,
    "SepalLengthCm": 6.2,
    "SepalWidthCm": 2.9,
    "PetalLengthCm": 4.3,
    "PetalWidthCm": 1.3,
    "Species": "Iris-versicolor"
  },
  {
    "Id": 99,
    "SepalLengthCm": 5.1,
    "SepalWidthCm": 2.5,
    "PetalLengthCm": 3,
    "PetalWidthCm": 1.1,
    "Species": "Iris-versicolor"
  },
  {
    "Id": 100,
    "SepalLengthCm": 5.7,
    "SepalWidthCm": 2.8,
    "PetalLengthCm": 4.1,
    "PetalWidthCm": 1.3,
    "Species": "Iris-versicolor"
  }
]